date,high,open,close,low,amount,vol
20130918,46.4,40.5,42.24,39.88,1681303424,388897
20130923,46.46,41.9,46.2,40.67,1406017536,318516
20130924,46.15,45.49,44.61,44.4,901506368,200045
20130925,47.14,44.01,45.05,44.0,781787200,171651
20130926,45.07,44.65,43.0,42.45,640034816,146808
20130927,44.3,43.0,43.0,42.67,372250400,85614
20130930,43.8,42.99,43.24,42.88,331344576,76682
20131008,45.21,43.0,44.99,42.9,493442848,111129
20131009,45.54,44.65,44.68,44.0,370734080,83054
20131010,46.36,44.5,45.71,44.14,708889920,156256
20131011,46.05,46.0,45.53,45.25,363516960,79697
20131014,46.33,45.52,46.0,44.6,441424928,96467
20131015,46.0,46.0,45.15,44.85,419089536,92419
20131016,45.88,44.76,44.67,43.7,397199776,89183
20131017,45.1,44.68,44.61,44.22,247582784,55526
20131018,46.8,44.52,46.01,44.3,478846144,104209
20131021,48.1,46.2,47.85,45.68,638065984,135658
20131022,48.31,47.4,47.42,46.88,390719936,82147
20131023,48.43,47.47,46.09,45.9,407798432,87290
20131024,49.6,46.0,47.5,45.84,583397312,122184
20131025,48.85,47.43,47.7,47.11,490068576,102336
20131028,49.5,47.97,49.47,47.5,508354432,104467
20131029,49.68,49.1,48.93,48.01,469601280,96525
20131030,50.66,49.01,50.17,48.65,604865216,121285
20131031,50.8,50.68,48.4,47.93,491851072,100732
20131101,48.79,47.79,47.76,47.33,344516576,72057
20131104,48.5,47.6,47.99,47.6,238322432,49622
20131105,48.41,47.52,48.19,47.08,261530176,54750
20131106,48.23,47.98,46.75,46.21,284031680,60251
20131107,46.93,46.52,46.22,45.16,283865728,62056
20131108,46.2,45.8,45.66,45.33,153053744,33411
20131111,46.0,45.69,45.78,44.61,162564576,35809
20131112,47.02,45.88,46.35,45.5,301452128,64729
20131113,46.34,45.86,45.5,45.5,139594992,30484
20131114,46.32,45.55,46.0,44.67,246139984,54360
20131115,47.06,45.87,46.2,45.61,298879168,64215
20131118,47.08,46.35,46.89,46.1,232323744,49830
20131119,47.5,46.88,46.97,46.51,250109360,53161
20131120,47.48,47.48,46.68,46.41,195299680,41726
20131121,46.7,46.7,45.71,45.05,300714496,66029
20131122,46.85,45.85,46.58,45.66,205574944,44288
20131125,46.31,45.83,45.96,45.58,289730112,63202
20131126,47.2,45.91,47.19,45.7,367247552,78583
20131127,47.29,47.2,46.59,46.25,252670208,54173
20131128,47.97,46.6,47.67,46.6,343994304,72379
20131129,48.0,47.52,47.91,47.28,244627680,51259
20131202,47.19,47.02,46.13,46.03,304178432,65133
20131203,47.09,46.0,47.02,46.0,261874432,56068
20131204,48.4,47.0,47.94,46.8,274690880,57260
20131205,48.88,48.06,48.54,47.89,265569520,54737
20131206,48.63,48.59,48.4,47.73,185057344,38443
20131209,48.97,48.45,48.49,47.95,227857520,47076
20131210,50.47,48.8,49.68,48.8,538909440,108138
20131211,50.0,49.45,48.38,47.84,309155360,62952
20131212,49.49,48.2,49.31,47.68,221437136,45684
20131213,50.9,48.51,50.15,48.42,551962432,109874
20131216,51.5,50.14,49.91,49.8,485809120,95774
20131217,50.1,49.96,49.0,48.92,315460832,64058
20131218,50.5,48.98,50.49,48.5,318806464,64061
20131219,51.38,50.75,49.89,49.89,320375904,63464
20131220,52.0,49.6,51.78,49.41,1029695744,203682
20131223,51.7,51.2,50.35,50.01,357126336,70541
20131224,51.17,50.8,50.81,49.77,330453344,65759
20131225,51.12,51.0,50.4,50.14,215560128,42624
20131226,50.2,50.16,48.45,47.58,515988352,105909
20131227,50.3,48.0,49.78,47.82,366987488,74526
20131230,50.54,49.78,49.5,49.41,218806912,43800
20131231,50.1,49.41,50.0,48.26,294099104,59859
20140102,49.82,49.4,48.92,48.6,193220272,39462
20140103,48.8,48.4,48.07,47.11,362396320,75845
20140106,47.98,47.88,46.61,46.36,279878528,59925
20140107,47.18,46.2,46.46,46.2,160580656,34409
20140108,46.46,46.46,46.46,46.46,0,0
20140109,46.46,46.46,46.46,46.46,0,0
20140110,46.46,46.46,46.46,46.46,0,0
20140113,48.5,46.0,46.5,45.8,346958976,73946
20140114,48.06,46.5,48.01,46.33,237738080,50115
20140115,49.05,47.7,48.4,47.51,208692016,43067
20140116,49.04,48.39,48.32,47.81,205606080,42451
20140117,48.32,48.05,46.9,46.67,190432272,40190
20140120,47.84,46.89,47.51,46.51,180827664,38168
20140121,47.8,47.5,47.0,46.78,204014336,43355
20140122,47.97,47.05,47.76,46.85,205238256,43178
20140123,49.13,47.73,48.38,47.32,265863456,55000
20140124,49.26,48.38,48.61,47.8,245337712,50366
20140127,48.35,48.31,47.36,47.15,258565264,54222
20140128,48.28,47.83,47.91,47.3,177707760,37089
20140129,48.37,48.25,47.79,47.5,191411776,40069
20140130,47.9,47.88,46.86,46.51,256146016,54555
20140207,46.41,46.41,45.71,44.9,419470272,92332
20140210,47.0,45.69,46.55,45.4,327990400,70580
20140211,46.52,46.52,45.95,45.5,305636960,66580
20140212,47.19,46.0,46.75,45.66,296686592,63704
20140213,46.81,46.81,46.15,45.7,317109248,68569
20140214,46.53,45.89,46.29,45.81,182979760,39653
20140217,46.58,46.35,46.5,46.0,260881616,56502
20140218,46.39,46.39,45.99,45.66,189272112,41225
20140219,46.38,46.0,46.08,45.5,202089728,43870
20140220,46.17,46.06,44.91,44.7,383520512,84851
20140221,45.25,44.95,44.7,44.48,214409184,47925
20140224,44.6,44.5,41.92,40.3,569681728,136223
20140225,41.8,41.8,40.34,40.28,619138432,152013
20140226,40.19,40.09,39.26,39.0,450989056,114312
20140227,39.59,39.43,38.16,37.74,541012992,140958
20140228,38.95,38.2,38.94,37.78,308076480,79789
20140303,40.3,38.5,39.92,38.5,258418192,65239
20140304,39.59,39.59,38.88,38.45,226270208,58296
20140305,39.6,39.0,38.8,38.55,173812816,44450
20140306,41.01,38.8,40.65,38.61,468521568,116626
20140307,41.34,40.69,40.49,40.32,225197536,55135
20140310,41.9,40.0,40.64,39.75,423278112,102743
20140311,42.66,41.05,41.76,41.05,457655968,108795
20140312,42.45,42.25,42.07,41.36,268506560,64092
20140313,42.36,42.13,41.8,41.35,204431520,48878
20140314,42.28,41.77,41.8,41.01,177624032,42505
20140317,43.05,41.9,43.0,41.43,321709312,75809
20140318,43.8,43.69,42.11,42.07,306533792,71977
20140319,42.0,41.88,41.04,40.5,216781120,52737
20140320,41.65,41.04,39.79,39.55,299716608,74253
20140321,41.05,39.79,40.85,39.78,173385632,42796
20140324,41.36,40.57,41.16,40.33,171713632,41982
20140325,42.04,40.98,41.44,40.7,166315504,40067
20140326,42.5,41.41,42.28,41.41,174364928,41386
20140327,42.44,42.28,42.12,41.75,170231824,40380
20140328,43.5,42.21,42.85,42.21,337750208,78610
20140331,47.14,47.14,45.08,44.79,1495925760,323946
20140401,47.43,45.08,47.02,44.29,1127692928,242924
20140402,47.85,47.16,46.31,46.2,771714368,165363
20140403,47.47,46.5,46.1,45.36,804169472,173079
20140404,46.36,45.68,46.01,45.03,555344064,121390
20140408,47.01,45.9,46.75,45.42,718320768,154527
20140409,47.44,47.0,46.84,46.52,610865920,130119
20140410,47.05,47.02,46.59,46.02,638814208,137331
20140411,48.26,46.69,47.9,46.61,1011449984,212348
20140414,47.95,47.75,47.34,47.11,505394752,106481
20140415,47.46,47.46,45.9,45.8,595582848,128488
20140416,46.18,45.6,46.16,45.6,305679104,66535
20140417,46.86,46.21,46.34,46.2,287072384,61636
20140418,46.85,46.1,46.7,45.7,253230784,54637
20140421,46.65,46.2,46.0,45.89,313220640,67800
20140422,46.16,45.9,45.15,44.13,519669824,115518
20140423,46.9,45.81,46.1,45.72,495039648,106792
20140424,47.27,45.99,47.17,45.52,544749632,116680
20140425,47.57,47.39,47.01,46.75,436514880,92572
20140428,47.23,47.0,46.44,44.99,438749344,95543
20140429,47.89,46.7,46.99,45.89,889389056,188982
20140430,17.89,17.88,17.27,17.14,477911360,272666
20140505,17.69,17.23,17.55,16.81,373521696,217532
20140506,17.6,17.4,17.15,17.05,282295296,163111
20140507,17.06,17.05,16.7,16.68,331937440,196783
20140508,17.2,16.68,16.84,16.51,307329056,181813
20140509,17.19,16.8,17.13,16.67,267805024,157840
20140512,17.13,17.13,17.13,17.13,0,0
20140513,17.6,17.34,17.2,17.12,302106720,174185
20140514,17.41,17.15,17.28,17.04,194726032,113120
20140515,17.21,17.11,17.01,16.93,251184080,147271
20140516,17.15,16.95,17.1,16.91,131990808,77555
20140519,16.95,16.8,16.61,16.51,226902016,136319
20140520,16.98,16.75,16.59,16.42,169399520,101904
20140521,16.64,16.47,16.57,16.31,132486376,80266
20140522,16.98,16.58,16.76,16.54,220767312,131246
20140523,16.98,16.72,16.9,16.71,107501560,63678
20140526,17.21,16.99,17.0,16.82,188275440,110551
20140527,17.13,17.03,16.94,16.91,149169472,87700
20140528,17.41,16.94,17.33,16.8,313602048,182776
20140529,17.59,17.26,17.32,17.26,241014496,138250
20140530,17.55,17.33,17.42,17.32,190497328,109160
20140603,17.85,17.47,17.63,17.46,212061216,119902
20140604,17.69,17.66,17.32,17.2,161046976,92684
20140605,17.59,17.31,17.49,17.19,154040848,88469
20140606,17.68,17.48,17.5,17.39,136259808,77654
20140609,17.85,17.66,17.57,17.38,196866688,111458
20140610,18.37,17.62,18.26,17.62,596238080,330650
20140611,18.41,18.2,18.34,18.03,351856672,192357
20140612,18.56,18.3,18.43,18.12,349885760,189731
20140613,19.29,18.5,19.07,18.5,561738432,294829
20140616,19.27,19.08,19.09,18.88,427953888,223839
20140617,19.09,19.09,18.53,18.45,412162272,220297
20140618,18.65,18.5,18.33,18.21,235716464,127940
20140619,18.54,18.33,18.48,18.07,277827104,151632
20140620,18.5,18.4,18.37,18.21,263139552,143348
20140623,18.47,18.43,18.0,17.98,342704672,188465
20140624,18.32,18.03,18.27,17.82,207800640,114601
20140625,18.32,18.29,18.28,18.01,201384016,110741
20140626,18.76,18.28,18.67,18.2,236114256,127189
20140627,19.26,18.68,19.2,18.61,433543072,227211
20140630,19.76,19.21,19.32,19.16,425902560,218974
20140701,19.29,19.29,18.89,18.77,387643360,204600
20140702,19.38,18.91,19.3,18.9,394569568,205399
20140703,19.77,19.19,19.56,19.15,366741344,186932
20140704,19.65,19.53,19.56,19.32,217746176,111672
20140707,19.56,19.56,19.22,19.1,237354960,123437
20140708,19.39,19.22,19.37,18.87,280774720,146998
20140709,19.31,19.3,18.99,18.85,224093024,117778
20140710,19.07,18.93,18.85,18.83,173468304,91794
20140711,19.06,18.81,19.0,18.66,264004192,139701
20140714,19.13,18.99,19.11,18.7,259984672,137778
20140715,19.6,19.31,19.3,19.18,336158624,173688
20140716,19.36,19.36,19.02,18.91,197410320,103512
20140717,19.15,19.02,19.01,18.9,142503920,75020
20140718,19.3,18.9,19.26,18.8,249317184,130179
20140721,19.48,19.21,19.22,19.16,211067008,109222
20140722,19.56,19.14,19.31,19.13,286586784,147581
20140723,19.48,19.31,19.36,19.13,234917264,121777
20140724,20.15,19.36,20.1,19.35,667305280,336853
20140725,20.35,20.15,20.2,19.91,420956576,208755
20140728,21.1,20.35,21.03,20.25,621315136,299424
20140729,21.44,21.1,20.91,20.8,487003200,231372
20140730,21.19,20.86,20.76,20.64,348585472,167308
20140731,21.4,20.76,21.38,20.68,366621472,173695
20140801,22.0,21.31,21.46,21.21,448924352,207738
20140804,21.95,21.46,21.93,21.46,369586016,170239
20140805,22.18,21.92,21.75,21.61,442545600,202651
20140806,21.64,21.62,21.3,21.08,486200000,228834
20140807,21.5,21.29,20.92,20.86,507362144,240276
20140808,21.3,20.9,21.21,20.9,296334496,140427
20140811,21.37,21.2,21.3,21.08,301969120,142157
20140812,21.26,21.26,21.0,20.92,437355872,208335
20140813,21.2,20.96,21.08,20.92,295815840,140559
20140814,21.26,21.1,21.04,20.87,258775056,122922
20140815,21.22,21.05,21.15,20.95,263661232,124922
20140818,21.61,21.22,21.53,21.22,325124320,151873
20140819,22.29,21.99,21.9,21.8,655245312,297473
20140820,22.03,21.92,21.92,21.66,335355808,153533
20140821,21.88,21.84,21.85,21.48,384433056,177374
20140822,22.8,21.85,22.66,21.78,633692160,282460
20140825,22.74,22.7,22.38,22.3,323359392,144040
20140826,22.34,22.3,21.9,21.69,385078048,175334
20140827,22.21,21.89,22.11,21.83,223814800,101475
20140828,22.15,22.12,21.8,21.76,282559104,129055
20140829,22.1,21.82,22.0,21.78,149869232,68344
20140901,22.3,21.99,22.22,21.81,238085728,107604
20140902,22.44,22.26,22.36,22.15,410640960,184145
20140903,22.54,22.38,22.31,22.16,470988384,211045
20140904,22.26,22.25,22.03,21.92,641314560,291441
20140905,22.26,22.04,22.25,22.0,462841184,208984
20140909,22.32,22.26,21.97,21.9,388660864,176770
20140910,21.9,21.9,21.58,21.53,532903616,245812
20140911,21.88,21.58,21.45,21.38,576701504,267314
20140912,21.63,21.42,21.59,21.38,283989728,132224
20140915,21.44,21.44,21.05,20.78,675610240,321378
20140916,21.16,21.0,20.74,20.73,420711904,201262
20140917,20.99,20.99,20.9,20.7,244946400,117694
20140918,21.19,20.8,20.98,20.72,341002432,162880
20140919,21.02,21.0,20.81,20.41,365997056,176390
20140922,20.75,20.75,20.25,20.21,490006688,240764
20140923,20.45,20.2,20.4,20.11,322241056,158662
20140924,20.75,20.4,20.7,20.25,444010464,216783
20140925,21.05,20.76,20.77,20.71,399710656,191788
20140926,20.73,20.7,20.54,20.41,272262240,132600
20140929,20.44,20.38,19.81,19.71,1160256256,583528
20140930,19.95,19.82,19.89,19.72,396879616,200269
20141008,20.29,19.94,20.29,19.91,486573184,241907
20141009,20.47,20.33,20.23,20.13,374680736,184722
20141010,20.26,20.15,20.05,20.01,356663712,177558
20141013,19.97,19.95,19.92,19.6,358653792,181332
20141014,19.96,19.87,19.87,19.75,272146624,137169
20141015,20.18,19.83,20.12,19.82,386898528,193145
20141016,20.43,20.0,20.24,19.91,551678016,272658
20141017,20.5,20.3,20.41,20.07,493682752,243248
20141020,20.77,20.56,20.44,20.33,374414880,182542
20141021,20.52,20.4,20.16,20.14,289347104,142368
20141022,20.5,20.16,20.41,20.11,309262016,152048
20141023,20.67,20.42,20.29,20.23,379641888,185399
20141024,20.35,20.35,20.01,19.7,433891584,217587
20141027,19.85,19.85,19.56,19.4,341714592,174524
20141028,19.88,19.6,19.85,19.59,282236256,142958
20141029,20.5,19.95,20.44,19.77,566019840,281759
20141030,20.54,20.46,20.14,20.09,454077088,224215
20141031,20.96,20.15,20.9,20.15,1048196544,507598
20141103,21.05,20.9,20.82,20.76,527023776,252640
20141104,20.81,20.81,20.65,20.46,454300512,220412
20141105,20.94,20.6,20.59,20.52,337430368,162826
20141106,20.74,20.6,20.23,20.08,572173120,282494
20141107,20.71,20.25,20.71,20.18,832550912,406038
20141110,21.72,20.81,21.7,20.61,1186099712,554127
20141111,21.99,21.76,21.85,21.33,1307188992,600227
20141112,22.48,21.86,22.21,21.61,777630464,351157
20141113,22.46,22.2,22.27,21.7,830110400,375290
20141114,22.45,22.15,22.15,21.99,591775936,266761
20141117,22.38,22.14,21.99,21.76,673208384,305969
20141118,21.97,21.86,21.41,21.24,505901088,234807
20141119,21.54,21.33,21.4,21.23,252146960,117805
20141120,21.38,21.3,21.35,21.13,234770864,110558
20141121,21.98,21.3,21.8,21.25,345562944,159636
20141124,22.53,22.5,22.12,21.88,746108864,336266
20141125,22.3,22.12,22.28,21.82,594468864,270068
20141126,22.5,22.29,22.4,22.0,681911296,306897
20141127,22.55,22.41,22.25,22.1,727138496,326299
20141128,22.27,22.2,22.11,21.66,697570752,318710
20141201,23.86,22.1,23.35,22.06,1409387392,604560
20141202,24.84,23.33,24.53,23.06,1415482624,587276
20141203,26.54,24.83,25.2,24.31,2085027840,816949
20141204,26.07,25.57,25.65,24.73,1160537856,456375
20141205,26.0,25.95,24.7,24.1,1480129280,593452
20141208,24.7,24.7,24.7,24.7,0,0
20141209,24.7,24.7,24.7,24.7,0,0
20141210,24.7,24.7,24.7,24.7,0,0
20141211,24.7,24.7,24.7,24.7,0,0
20141212,24.7,24.7,24.7,24.7,0,0
20141215,27.17,27.17,26.18,25.9,3634176768,1367359
20141216,26.48,26.3,25.86,25.51,1405624704,543456
20141217,25.85,25.78,25.47,25.02,1153433600,453810
20141218,28.0,25.47,27.9,25.4,2153946368,794747
20141219,28.38,27.89,27.63,27.32,1374487040,494475
20141222,28.39,27.39,27.85,26.73,1320646144,481497
20141223,30.0,27.68,28.35,27.3,1978414080,682823
20141224,28.73,28.46,27.66,27.47,1156965632,413719
20141225,28.55,27.75,27.68,27.0,1083890816,390731
20141226,28.69,27.8,28.33,27.12,1168808576,420359
20141229,29.3,28.4,27.64,27.3,1175422336,418421
20141230,27.72,27.7,26.84,26.51,1094935808,405083
20141231,27.5,26.84,27.44,26.7,946378240,348142
20150105,30.1,27.88,29.88,27.88,2869142784,974089
20150106,32.49,29.86,31.71,29.46,2743939072,871277
20150107,32.33,31.72,31.65,30.92,1158683520,368274
20150108,32.76,31.46,32.1,30.9,1697994880,531174
20150109,32.8,31.97,31.11,31.09,1390729216,433168
20150112,32.65,31.08,32.02,30.5,1396137856,438234
20150113,33.48,32.01,33.2,31.51,1491650048,455765
20150114,33.4,33.39,31.88,31.4,1177625984,365269
20150115,32.45,31.85,32.05,31.05,978807936,309027
20150116,32.05,32.0,31.48,31.15,1188067584,378343
20150119,31.0,30.0,29.47,28.33,1831044736,618833
20150120,30.87,29.51,30.5,29.48,1341859200,445348
20150121,31.42,30.56,31.18,30.09,1182623488,384730
20150122,31.38,31.19,30.86,30.5,806314048,261072
20150123,31.28,30.89,30.5,30.31,822756800,268727
20150126,31.09,30.8,30.8,30.54,755111168,245192
20150127,31.3,31.02,30.85,30.25,1102678144,357518
20150128,30.81,30.45,30.38,30.06,688043456,226393
20150129,30.3,29.63,29.9,29.6,714512256,239344
20150130,30.9,29.96,30.03,29.95,794075648,260778
20150202,29.94,29.5,28.89,28.88,681058816,232590
20150203,29.5,29.46,29.37,29.0,524301376,179334
20150204,30.27,29.76,29.31,29.3,624896128,209303
20150205,30.49,30.0,29.0,29.0,881037120,295478
20150206,29.73,29.01,29.11,28.51,456274560,156431
20150209,29.99,29.18,29.56,29.01,531394688,180040
20150210,30.58,29.9,30.45,29.7,716106944,236685
20150211,30.8,30.8,30.37,30.22,491666592,161157
20150212,30.76,30.5,30.39,30.16,409651072,134675
20150213,30.76,30.51,30.33,30.14,697578112,229370
20150216,30.5,30.44,30.18,30.0,589192000,195259
20150217,31.84,30.3,31.59,30.1,1197468800,383479
20150225,32.35,31.9,31.79,31.3,1169279104,367334
20150226,31.79,31.66,31.75,31.12,588438208,186843
20150227,31.98,31.7,31.46,31.19,628723840,199393
20150302,31.83,31.54,31.46,31.14,829426880,263776
20150303,31.52,31.17,30.34,30.3,876160832,284077
20150304,31.14,30.3,30.8,30.15,754765696,245914
20150305,30.49,30.2,29.7,29.5,1034165952,347095
20150306,29.95,29.75,29.42,29.2,631626240,214175
20150309,30.0,29.0,29.98,28.8,754379072,257170
20150310,30.33,29.85,29.81,29.66,567670976,189736
20150311,30.97,29.82,30.97,29.81,984717504,320504
20150312,31.38,31.32,30.68,30.66,626647872,202730
20150313,31.5,30.69,31.0,30.6,610843520,197035
20150316,31.6,31.2,31.5,30.7,759688512,242842
20150317,31.78,31.75,31.47,31.2,914548672,291109
20150318,32.0,31.7,31.99,31.32,1202635520,379772
20150319,32.68,32.18,32.0,31.69,1097843456,342731
20150320,32.3,31.86,31.51,31.46,997473408,315217
20150323,32.57,31.81,32.21,31.6,1027188096,319577
20150324,32.78,32.61,32.09,31.53,1251489024,391889
20150325,31.83,31.6,31.54,31.4,894341760,283498
20150326,31.54,31.54,31.54,31.54,0,0
20150327,31.54,31.54,31.54,31.54,0,0
20150330,31.54,31.54,31.54,31.54,0,0
20150331,34.69,34.69,32.95,32.51,2544112384,756004
20150401,34.5,32.99,34.18,32.7,1625659264,478801
20150402,34.68,34.57,34.24,33.43,1388517376,408293
20150403,34.13,34.13,33.88,33.45,1241541760,368144
20150407,34.89,34.31,34.15,33.72,1669415808,489143
20150408,34.28,34.25,33.91,33.31,1263790208,373639
20150409,33.95,33.91,32.88,32.53,1347286912,407550
20150410,33.6,32.42,33.52,32.42,1173751424,354207
20150413,34.25,33.7,33.0,32.8,2402703104,720829
20150414,33.45,32.98,33.21,32.64,1414253568,428322
20150415,33.15,33.15,32.03,32.03,1364833408,418641
20150416,33.4,32.03,33.4,31.86,1403986944,426191
20150417,36.5,34.15,35.78,33.68,2753413376,783782
20150420,36.49,35.7,35.1,34.63,2037619456,574721
20150421,37.15,35.49,37.0,35.18,2084685440,571303
20150422,38.88,37.7,37.01,37.0,2090318080,554253
20150423,37.49,37.05,36.53,36.17,1348921216,368862
20150424,36.97,36.25,36.2,35.8,1226160128,338081
20150427,37.44,36.6,36.58,36.16,1229272960,335691
20150428,38.88,37.48,37.37,36.75,3077442816,812131
20150429,38.37,37.82,37.45,37.27,1737329664,461960
20150430,37.66,36.28,36.97,36.0,2013059456,544093
20150504,36.96,36.95,36.08,35.9,1354295680,374430
20150505,35.98,35.9,34.09,33.87,1448340864,417785
20150506,34.93,34.8,34.13,33.91,1220652160,354350
20150507,35.13,34.0,34.88,33.72,982493568,285206
20150508,35.86,35.5,35.2,34.75,1233945856,349912
20150511,35.65,35.1,35.65,34.58,1418239360,403564
20150512,36.18,35.7,35.46,35.1,1144930432,322856
20150513,36.5,35.55,35.9,35.2,1388811776,387289
20150514,36.15,35.77,35.41,35.25,835156544,234745
20150515,35.29,35.25,34.2,33.96,927394560,269698
20150518,34.0,34.0,33.21,33.13,1028329344,307735
20150519,35.0,33.33,34.83,33.3,1217427328,355210
20150520,36.56,35.6,35.84,35.22,1757078656,488654
20150521,38.48,36.48,38.1,36.48,1877053056,498515
20150522,38.55,38.3,38.12,37.02,1349015808,356610
20150525,38.84,38.15,38.58,37.5,1454409600,379495
20150526,41.49,38.58,40.58,38.56,2002994816,496758
20150527,41.07,40.6,39.63,39.39,1357280896,339750
20150528,40.0,39.63,36.84,36.8,1510353280,392373
20150529,37.5,36.85,37.0,35.3,1568373504,426959
20150601,38.5,37.11,38.4,36.98,1322991744,347680
20150602,38.6,38.41,38.44,37.4,1398865664,368187
20150603,39.6,38.45,39.1,38.34,1614196096,414235
20150604,39.0,39.0,38.03,35.24,1358142336,364131
20150605,38.98,38.26,37.68,36.95,1742067840,457453
20150608,39.48,37.72,39.37,37.2,2440146688,631148
20150609,39.82,39.4,38.62,38.2,1627174912,416103
20150610,39.38,38.11,38.77,37.8,1279451904,330608
20150611,39.26,38.77,38.08,37.71,1164746112,304279
20150612,38.69,38.08,37.87,37.55,1388734976,365251
20150615,38.08,37.93,36.51,36.36,1608845696,435174
20150616,37.14,36.57,36.45,35.73,1209704192,332033
20150617,37.2,36.75,36.98,36.01,950098880,259900
20150618,37.14,36.98,35.91,35.86,1103264256,302655
20150619,36.84,35.79,35.02,33.0,1271766016,354525
20150623,38.15,34.98,38.0,34.8,1937786880,527870
20150624,39.0,38.05,38.84,37.3,1989228928,519621
20150625,39.88,39.1,36.71,36.0,2181446400,570413
20150626,36.61,35.8,34.41,33.2,1844983552,529916
20150629,36.64,36.0,34.3,32.5,3191557632,909374
20150630,37.38,34.27,37.28,33.8,2693630464,750788
20150701,37.8,37.0,35.6,35.52,1794035072,485417
20150702,36.5,36.2,35.99,33.68,1719085184,485779
20150703,36.0,36.0,33.3,32.76,2089743232,608743
20150706,36.55,36.55,35.0,32.99,2585614592,751780
20150707,34.94,34.01,34.23,32.9,2625066240,773614
20150708,31.5,30.81,30.81,30.81,3574854400,1153884
20150709,33.89,30.81,33.89,29.0,2013181056,622431
20150710,37.28,34.0,37.25,33.89,2651565312,721854
20150713,39.38,37.29,38.09,36.38,2958227968,780975
20150714,37.55,37.33,36.04,36.01,1909335168,522132
20150715,36.5,35.44,36.0,33.81,1268218368,362583
20150716,36.4,36.0,35.6,34.88,1105386624,308622
20150717,36.95,36.12,36.42,35.6,1277383552,353281
20150720,36.56,36.55,35.63,35.3,1046133952,291214
20150721,35.5,35.06,35.03,34.86,747400384,212712
20150722,35.76,35.41,34.37,34.1,1250358912,360192
20150723,35.0,34.3,34.85,34.0,1104377600,318692
20150724,35.5,34.85,34.36,34.2,1067331968,305408
20150727,34.21,33.91,31.5,31.01,1488742784,449320
20150728,33.55,30.87,32.88,30.56,1814197760,563267
20150729,33.53,33.0,33.42,32.54,939612416,284789
20150730,33.78,33.38,32.25,32.1,675772288,203975
20150731,33.21,31.75,33.15,31.61,1060298560,324075
20150803,34.0,32.58,34.0,32.48,1035419200,311547
20150804,34.09,33.93,34.06,33.04,769591040,228259
20150805,35.99,35.5,34.41,34.3,1247682304,354877
20150806,34.5,33.79,33.82,33.01,594223360,175989
20150807,34.5,34.29,34.22,33.8,510442112,149136
20150810,35.12,34.22,34.95,33.6,1038542976,302598
20150811,34.95,34.7,34.6,34.42,856974720,247203
20150812,34.94,34.61,33.51,33.5,776570560,226998
20150813,33.87,33.41,33.63,33.0,526669888,157542
20150814,33.69,33.64,33.3,33.2,585784896,175023
20150817,33.24,33.24,32.68,32.5,560748480,171479
20150818,32.98,32.68,30.93,30.69,816157632,255175
20150819,31.4,30.57,31.27,30.0,796330880,258890
20150820,30.98,30.56,30.01,30.01,727157504,240422
20150821,29.99,29.69,28.08,28.0,868411392,300280
20150824,26.99,26.98,25.28,25.27,1331971328,523603
20150825,26.18,23.86,23.76,23.33,1355341696,548961
20150826,26.12,24.18,25.23,23.88,1383446144,549672
20150827,26.63,26.2,26.54,25.17,1051756032,402629
20150828,27.67,26.72,27.35,26.61,991774784,364575
20150831,28.79,27.8,28.79,26.55,1384090624,499910
20150901,28.88,27.99,28.83,27.32,1367208704,484409
20150902,28.97,27.85,28.75,27.32,1821117184,643472
20150907,28.99,28.55,26.86,26.72,1216507776,438309
20150908,27.48,26.65,27.4,26.11,556197312,206866
20150909,28.23,27.41,27.9,27.13,743461504,267772
20150910,27.78,27.52,27.36,27.33,387788480,140920
20150911,27.55,27.43,27.25,27.13,259649584,95038
20150914,27.42,27.4,26.01,25.5,641743872,244338
20150915,25.88,25.88,25.0,24.7,510613856,203034
20150916,26.98,25.2,26.64,24.98,521919840,202692
20150917,26.7,26.52,25.5,25.3,512478656,194815
20150918,25.97,25.68,25.88,25.61,301106464,116689
20150921,26.56,25.54,26.53,25.52,355562304,136576
20150922,26.96,26.4,26.65,26.39,416417408,155915
20150923,26.4,26.4,25.84,25.78,316300448,121309
20150924,26.56,26.07,26.13,25.86,315204768,120042
20150925,26.05,26.01,25.1,24.95,469431648,185595
20150928,25.15,25.12,25.1,24.73,269359232,107990
20150929,24.93,24.79,24.57,24.47,286236736,116157
20150930,25.38,24.72,25.23,24.72,307349088,122399
20151008,27.74,26.5,27.11,26.5,1030189056,379370
20151009,27.25,27.05,27.1,26.74,390128320,144282
20151012,28.38,27.22,28.29,27.0,774116736,278686
20151013,28.2,28.2,27.92,27.63,483528288,173347
20151014,27.74,27.61,26.97,26.9,566828928,208179
20151015,27.56,26.94,27.52,26.83,565110528,207910
20151016,28.08,27.41,27.66,27.3,614033664,221773
20151019,27.78,27.7,27.42,27.12,555874240,202030
20151020,27.52,27.4,27.5,27.2,405439520,148274
20151021,27.86,27.6,26.67,26.57,622333888,228402
20151022,26.98,26.55,26.95,26.51,470640800,175967
20151023,27.74,27.08,27.58,27.08,540536704,196681
20151026,28.3,28.21,27.8,27.56,616032512,221443
20151027,27.77,27.42,27.38,26.85,527449216,194023
20151028,27.43,27.43,26.79,26.62,665857536,246921
20151029,27.88,27.02,27.76,26.74,873601664,320529
20151030,28.4,27.62,28.01,27.28,804238400,287655
20151102,28.97,27.68,28.38,27.58,810188672,283361
20151103,28.57,28.38,28.18,27.9,432520992,153053
20151104,29.39,28.18,29.35,28.15,815220480,280645
20151105,30.52,29.35,30.05,29.06,1187986432,396840
20151106,30.22,29.87,30.12,29.7,765096832,255239
20151109,31.0,30.1,30.3,30.03,821175104,269754
20151110,30.22,30.06,29.63,29.45,692802432,232587
20151111,29.74,29.7,29.44,29.23,510869056,173404
20151112,29.85,29.64,29.73,29.42,436293440,147039
20151113,29.43,29.42,28.99,28.82,585517568,201284
20151116,28.9,28.69,28.8,28.52,852226624,297438
20151117,29.48,29.0,29.01,28.82,940608896,322103
20151118,29.16,29.12,28.35,28.33,863942336,301478
20151119,28.58,28.4,28.47,27.9,991226944,350894
20151120,28.55,28.49,28.18,27.92,1148034304,407741
20151123,28.38,28.17,28.1,27.9,722055680,256633
20151124,28.57,28.14,28.5,28.02,547501696,194029
20151125,28.57,28.49,28.29,28.1,896717568,316921
20151126,28.94,28.39,28.63,28.3,890293568,311115
20151127,28.47,28.44,27.11,27.0,785533120,282399
20151130,27.35,27.28,26.83,26.17,571032640,213064
20151201,28.21,26.86,27.83,26.51,666026176,242385
20151202,30.33,27.78,29.3,27.6,1709867392,585291
20151203,29.44,29.09,29.1,28.8,660217152,226589
20151204,29.38,28.86,29.09,28.55,724199296,249581
20151207,29.63,29.13,29.31,28.63,686734208,234815
20151208,29.02,29.02,28.18,28.05,518709856,182281
20151209,28.95,28.06,28.51,28.06,536198976,187395
20151210,29.46,28.6,28.88,28.58,891339968,305282
20151211,29.52,28.91,29.38,28.56,699824320,239873
20151214,30.24,29.18,30.05,29.03,996293440,333497
20151215,30.3,29.98,30.05,29.57,665497664,222263
20151216,30.1,30.05,29.78,29.7,357186016,119691
20151217,30.64,29.88,30.18,29.88,614293568,202605
20151218,30.48,30.18,29.72,29.5,480553888,160472
20151221,32.58,29.8,31.87,29.72,1482978688,468867
20151222,32.88,31.88,32.45,31.62,881777984,272991
20151223,33.28,32.2,32.45,31.88,1064031744,323339
20151224,32.43,32.43,31.7,31.17,538114880,169992
20151225,32.24,31.75,32.15,31.72,357723552,111854
20151228,32.51,32.22,31.0,31.0,647355456,203935
20151229,33.98,31.05,33.09,30.66,1191961472,367552
20151230,34.3,33.01,33.43,32.88,1502908288,445581
20151231,33.58,33.45,32.82,32.55,589581696,178333
20160104,33.18,32.82,29.72,29.54,637157824,200338
20160105,31.48,29.72,31.33,29.53,962833792,312165
20160106,31.95,31.28,31.59,30.92,634290688,201976
20160107,30.98,30.9,29.04,28.88,191155840,63754
20160108,30.59,30.21,29.81,28.73,1117506944,374581
20160111,29.54,29.0,28.4,28.19,816072640,282311
20160112,29.17,28.62,28.81,28.18,616486976,214249
20160113,29.93,29.06,28.99,28.55,555836416,190050
20160114,29.78,28.02,29.6,28.01,773073088,265660
20160115,29.82,29.6,28.39,28.1,696595392,240679
20160118,28.55,27.74,27.8,27.4,600503872,214986
20160119,29.28,27.82,28.82,27.66,619797760,218061
20160120,29.0,28.7,28.03,27.65,649803584,230145
20160121,28.23,27.63,27.03,27.02,584255360,211966
20160122,27.44,27.39,27.08,26.5,456262208,169372
20160125,27.49,27.22,27.2,27.07,255115184,93538
20160126,27.23,27.04,25.85,25.77,521849856,197294
20160127,26.43,26.0,26.23,25.15,476125024,184252
20160128,26.97,26.03,26.51,25.88,351633312,132620
20160129,27.5,26.35,27.31,26.2,331295232,121923
20160201,27.56,27.32,27.35,27.11,230327632,84269
20160202,27.98,27.35,27.61,27.3,293500224,105678
20160203,27.58,27.48,27.17,26.81,353568896,130410
20160204,27.67,27.22,27.29,27.11,252010640,92088
20160205,27.68,27.4,27.42,27.27,275667520,100290
20160215,27.28,26.95,26.96,26.72,317039840,117440
20160216,27.8,27.33,27.74,27.1,368560320,133921
20160217,28.22,27.66,27.95,27.61,325527200,116423
20160218,28.29,28.13,27.86,27.78,194440096,69581
20160219,27.93,27.81,27.6,27.5,183255840,66150
20160222,28.15,27.99,28.04,27.52,313698016,112334
20160223,28.1,28.07,27.87,27.72,271761120,97402
20160224,27.96,27.8,27.84,27.32,226804320,82086
20160225,27.83,27.72,26.47,26.0,437138496,162506
20160226,26.91,26.59,26.84,26.46,253976912,95053
20160229,26.79,26.78,26.07,25.72,343619104,131878
20160301,26.97,26.15,26.96,26.09,294041824,110086
20160302,29.18,27.19,29.18,26.97,1016690688,355746
20160303,29.3,29.15,28.6,28.5,427886496,148251
20160304,29.75,28.78,29.12,28.55,767632512,262456
20160307,29.92,29.2,29.23,28.85,342677216,116650
20160308,29.3,29.25,28.85,28.28,265065472,92473
20160309,29.35,28.55,28.78,28.32,273531616,94290
20160310,29.66,28.75,29.03,28.69,307604928,105509
20160311,29.38,28.84,29.0,28.71,181117664,62353
20160314,30.15,29.34,29.55,29.33,482072256,161849
20160315,29.8,29.78,29.64,29.0,342046176,116240
20160316,29.61,29.61,29.26,29.1,217418592,74246
20160317,29.99,29.51,29.85,29.43,311932960,104874
20160318,30.46,30.1,30.04,29.71,738878016,245725
20160321,30.59,30.15,30.38,30.02,600612480,198355
20160322,30.95,30.45,30.54,30.29,413263136,135105
20160323,30.6,30.29,30.28,29.98,292222912,96578
20160324,31.25,30.03,30.87,29.78,666782848,219182
20160325,31.66,30.6,31.4,30.56,526500832,168538
20160328,32.27,32.01,30.6,30.5,803340032,256840
20160329,30.78,30.75,29.99,29.8,488349312,161499
20160330,30.55,30.16,30.53,29.98,586461120,193760
20160331,31.39,30.68,30.85,30.68,631765056,203540
20160401,31.0,31.0,30.59,30.2,313282080,102610
20160405,30.94,30.26,30.79,30.26,449341184,146471
20160406,30.97,30.7,30.75,30.56,348560320,113214
20160407,30.93,30.81,30.1,30.05,429399328,141250
20160408,30.33,30.0,30.02,29.84,253197760,84351
20160411,30.55,30.23,30.4,30.2,456355584,150076
20160412,30.54,30.4,30.46,30.2,251867136,82910
20160413,31.08,30.6,30.68,30.52,573945600,185906
20160414,31.07,30.79,30.92,30.7,364153504,117934
20160415,31.1,30.95,30.96,30.8,269355552,87028
20160418,30.96,30.96,30.62,30.45,278480448,90970
20160419,30.85,30.71,30.78,30.4,240876608,78850
20160420,30.78,30.78,29.88,29.51,606508928,202417
20160421,30.08,29.8,29.74,29.65,242668320,81153
20160422,30.93,29.6,30.8,29.56,455267200,149254
20160425,31.55,30.8,31.2,30.7,659180160,210883
20160426,31.69,31.23,31.38,31.1,330326176,105234
20160427,31.47,31.28,30.98,30.92,341910720,109632
20160428,31.53,31.12,30.78,30.54,429000128,138985
20160429,32.26,31.02,32.1,31.02,809800960,254040
20160503,34.08,32.21,33.84,32.2,991403712,296269
20160504,33.79,33.3,32.96,32.8,917913728,276830
20160505,33.24,33.07,32.99,32.85,644939328,195476
20160506,21.14,20.97,20.35,20.35,804154752,387858
20160509,20.7,20.08,20.35,19.99,656633600,322845
20160510,21.59,20.4,21.08,20.15,1008644032,481487
20160511,22.21,21.16,21.96,21.09,1280862720,589117
20160512,22.55,21.6,21.9,21.3,895938432,407028
20160513,22.23,21.81,21.51,21.42,467593184,214554
20160516,22.0,21.51,21.8,21.51,388807840,178849
20160517,21.8,21.65,21.35,21.3,404102272,188288
20160518,21.35,21.35,21.35,21.35,0,0
20160519,21.35,21.35,21.35,21.35,0,0
20160520,21.35,21.35,21.35,21.35,0,0
20160523,21.35,21.35,21.35,21.35,0,0
20160524,21.35,21.35,21.35,21.35,0,0
20160525,21.35,21.35,21.35,21.35,0,0
20160526,21.35,21.35,21.35,21.35,0,0
20160527,21.35,21.35,21.35,21.35,0,0
20160530,21.35,21.35,21.35,21.35,0,0
20160531,21.35,21.35,21.35,21.35,0,0
20160601,23.45,23.1,22.86,22.44,1815074176,791824
20160602,22.88,22.71,22.56,22.36,873208192,387352
20160603,23.23,22.56,23.08,22.45,841547712,367146
20160606,24.03,23.1,23.73,23.0,1056676672,447679
20160607,23.83,23.73,23.13,23.0,872772096,376155
20160608,23.0,23.0,22.68,22.5,620325696,273857
20160613,22.83,22.41,22.3,22.25,620447232,275858
20160614,22.69,22.3,22.58,22.11,459586304,204764
20160615,23.06,22.16,22.78,22.13,641982592,282360
20160616,22.71,22.64,22.36,22.18,393835712,175804
20160617,22.9,22.77,22.43,22.22,622869376,275958
20160620,23.03,22.26,22.96,22.21,818210688,360628
20160621,23.15,22.99,22.72,22.63,534140256,232914
20160622,23.03,22.61,22.96,22.54,413277504,180797
20160623,23.03,22.95,22.7,22.6,408680864,179282
20160624,23.23,22.74,22.83,22.5,896873344,390874
20160627,23.87,22.66,23.64,22.66,972892288,414636
20160628,23.52,23.52,23.35,22.97,1180515200,507580
20160629,23.47,23.28,23.37,23.09,741261888,318571
20160630,23.78,23.44,23.72,23.23,1223986816,519895
20160701,24.63,23.79,24.08,23.79,1150129024,474164
20160704,25.08,24.01,24.45,23.93,1598368640,650460
20160705,24.59,24.55,24.1,24.02,1030258624,426639
20160706,24.46,24.05,24.38,23.86,980967040,405932
20160707,24.96,24.45,24.44,24.33,1471120384,595459
20160708,24.75,24.62,24.15,24.05,907840192,373771
20160711,25.22,24.35,24.96,24.16,1655500544,665050
20160712,27.46,25.05,27.46,24.98,3078896896,1153311
20160713,28.69,27.87,27.35,27.05,2479972864,894217
20160714,27.65,27.16,27.04,26.77,1237514496,456231
20160715,29.57,27.06,28.65,27.06,2457773312,869925
20160718,29.29,28.39,28.46,28.01,1577573120,552138
20160719,28.55,28.32,27.45,27.11,1661231104,600783
20160720,27.78,27.49,27.3,27.01,867872000,318448
20160721,29.29,27.58,28.07,27.5,1825547520,642806
20160722,28.3,28.1,27.28,27.0,1443097728,524755
20160725,27.43,27.01,26.66,26.62,1291139328,479540
20160726,27.63,26.69,27.54,26.4,1709602176,631496
20160727,27.7,27.6,26.96,26.36,1657006208,612241
20160728,28.38,26.96,27.78,26.8,2243058176,806192
20160729,28.8,27.78,28.2,27.52,2041009408,720825
20160801,28.58,28.04,27.76,27.51,1335042432,477978
20160802,27.74,27.68,27.6,26.97,1192078720,436860
20160803,28.08,27.42,28.01,27.27,1048249152,377674
20160804,28.12,27.85,27.69,27.53,977595392,352555
20160805,28.46,27.65,27.97,27.56,1259936256,448374
20160808,27.96,27.96,27.69,27.18,947532736,344702
20160809,28.05,27.89,27.83,27.33,929091200,335700
20160810,27.99,27.68,27.23,27.09,1196222208,435637
20160811,27.59,27.26,27.24,27.16,809177472,295709
20160812,27.35,27.24,27.04,26.4,1323216768,493732
20160815,28.03,27.05,27.92,26.65,1862533888,677757
20160816,29.15,28.01,28.35,28.01,1990160768,694746
20160817,29.1,28.6,28.43,28.27,1301493504,453911
20160818,28.49,28.36,28.07,27.84,991996032,353506
20160819,28.28,27.94,27.86,27.68,772131776,277037
20160822,27.86,27.86,27.42,27.32,710455360,258248
20160823,28.08,27.5,27.63,27.4,767354048,276439
20160824,27.79,27.7,27.3,27.21,624708672,228113
20160825,27.73,27.25,27.5,27.0,625824448,229068
20160826,27.73,27.49,27.22,27.13,550993536,200645
20160829,27.33,27.18,27.05,26.88,583192640,215662
20160830,27.2,27.05,26.87,26.71,658946880,244974
20160831,27.68,27.05,27.4,27.03,1008493440,367847
20160901,27.62,27.33,27.47,27.15,693932736,252856
20160902,28.07,27.78,27.12,26.91,1022135936,373968
20160905,27.54,27.13,27.43,26.9,786319424,287571
20160906,27.44,27.3,27.31,26.9,828005760,305467
20160907,27.38,27.29,27.23,27.11,525836832,192843
20160908,27.45,27.23,27.21,27.09,548851328,201339
20160909,27.27,27.27,27.02,26.98,492979424,181907
20160912,26.74,26.74,26.29,26.11,947670592,359501
20160913,26.55,26.46,26.34,26.27,434327968,164572
20160914,26.21,26.21,25.4,25.18,1021454464,397986
20160919,26.25,25.4,26.0,25.39,690391424,265568
20160920,26.08,26.08,25.91,25.74,258218032,99718
20160921,26.05,26.01,25.97,25.88,241438464,92940
20160922,26.33,26.1,26.15,25.93,575505664,220104
20160923,26.36,26.21,26.26,26.12,348663680,132880
20160926,26.31,26.25,26.02,26.0,301076064,115006
20160927,26.2,25.86,26.16,25.76,279575520,107496
20160928,26.4,26.24,26.19,26.12,294764800,112236
20160929,26.55,26.29,26.5,26.2,324708064,122803
20160930,27.17,26.59,27.01,26.51,552535488,204659
20161010,27.2,27.18,26.95,26.52,696636608,259211
20161011,27.14,26.9,27.0,26.68,592388992,220047
20161012,26.98,26.98,26.81,26.76,325080768,121255
20161013,26.87,26.87,26.3,26.29,597663616,225689
20161014,26.52,26.32,26.37,26.25,456589376,173007
20161017,26.53,26.48,26.27,26.21,370332576,140332
20161018,26.36,26.1,26.35,26.05,594479936,227031
20161019,26.39,26.36,26.14,26.08,403273952,153998
20161020,26.34,26.14,26.25,25.99,407467360,155703
20161021,26.53,26.18,26.38,26.16,608799360,230973
20161024,26.75,26.53,26.66,26.39,922414272,346969
20161025,26.88,26.66,26.8,26.53,777320448,290633
20161026,26.85,26.8,26.67,26.59,491053888,183886
20161027,26.7,26.66,26.68,26.4,330062944,124493
20161028,26.83,26.64,26.76,26.49,553742336,207451
20161031,27.19,26.86,27.15,26.67,1131912576,419472
20161101,27.91,27.2,27.77,27.17,1127865216,408922
20161102,27.71,27.71,27.48,27.3,645368448,234452
20161103,27.69,27.3,27.4,27.3,433094880,157323
20161104,27.56,27.3,26.99,26.98,547120448,201281
20161107,27.1,27.02,26.95,26.76,384758720,142855
20161108,27.6,27.03,27.4,27.03,506591232,185223
20161109,27.49,27.49,27.18,26.9,573731136,210966
20161110,27.74,27.3,27.57,27.3,627256000,227229
20161111,27.7,27.55,27.43,27.29,524189184,191007
20161114,27.63,27.56,27.1,26.98,893464384,328293
20161115,27.09,27.05,27.0,26.87,639687104,237553
20161116,27.07,27.0,26.94,26.86,305149824,113253
20161117,27.18,27.0,27.0,26.85,453307136,168117
20161118,27.22,27.02,27.13,26.93,403465280,149113
20161121,27.78,27.13,27.58,27.13,970001600,352425
20161122,27.78,27.61,27.44,27.4,470056096,170657
20161123,28.2,27.47,28.05,27.47,1277341696,456712
20161124,29.5,27.8,28.98,27.69,2227223808,775068
20161125,29.3,28.89,29.0,28.2,1035308672,358655
20161128,30.49,29.35,30.12,28.8,2371494656,801687
20161129,32.25,30.0,31.47,29.87,3777693440,1208730
20161130,31.31,31.09,30.28,30.14,1851255168,607675
20161201,32.2,31.3,30.85,30.4,2828150272,907665
20161202,31.0,31.0,29.87,29.54,1521112064,507942
20161205,29.28,28.39,28.62,28.3,1672072960,581945
20161206,29.42,28.82,28.87,28.79,948520320,325693
20161207,29.22,28.89,28.89,28.72,687204416,237469
20161208,29.35,29.04,29.11,28.9,763643712,262053
20161209,30.56,29.22,30.18,29.13,1840673536,614173
20161212,30.0,29.95,29.29,29.18,1034597376,349947
20161213,29.5,29.06,28.8,28.38,1126343808,390182
20161214,29.12,28.85,28.4,28.4,596990528,207566
20161215,28.3,28.28,27.83,27.5,818175232,293462
20161216,29.2,27.9,29.2,27.9,1090722560,384135
20161219,29.3,29.0,28.85,28.66,612115072,211105
20161220,29.03,28.84,28.23,28.02,618197952,217448
20161221,28.75,28.33,28.38,28.21,543882560,191343
20161222,28.6,28.34,28.38,28.06,418630592,147588
20161223,28.58,28.36,28.13,28.06,382057664,135296
20161226,28.35,28.1,28.31,27.91,453797728,161290
20161227,28.62,28.31,28.3,28.2,666870592,234589
20161228,28.37,28.3,28.07,27.9,496430272,176919
20161229,28.14,28.0,28.02,27.97,495542368,176653
20161230,28.32,28.05,28.17,27.9,485375904,172635
20170103,29.5,28.65,29.12,28.62,1282988928,441082
20170104,29.98,29.13,29.83,29.13,1057612160,358068
20170105,29.93,29.82,29.69,29.51,568420736,191762
20170106,29.69,29.69,29.39,29.2,580370048,197941
20170109,29.5,29.48,29.25,28.91,517889504,177479
20170110,29.41,29.0,29.18,29.0,484385888,166125
20170111,29.24,29.07,28.6,28.48,692519360,240370
20170112,28.85,28.6,28.2,28.18,721008960,253681
20170113,28.5,28.24,28.22,28.19,551763392,194861
20170116,28.62,28.22,28.25,27.79,823699840,291540
20170117,28.95,28.2,28.91,28.15,670703552,234610
20170118,29.52,28.76,29.14,28.76,996433472,339836
20170119,29.15,29.0,28.77,28.58,1069010752,370984
20170120,29.35,28.74,29.22,28.72,952583488,326308
20170123,29.48,29.36,28.96,28.9,732238784,251068
20170124,29.3,28.97,29.1,28.8,777495424,268087
20170125,29.59,29.03,29.4,28.96,836778112,284517
20170126,30.14,29.45,29.9,29.45,1022714688,341915
20170203,30.05,29.7,29.9,29.4,708232128,238409
20170206,30.46,29.9,29.99,29.86,896997440,297192
20170207,30.17,30.0,29.65,29.54,965184256,324003
20170208,30.07,29.65,29.88,29.58,763569856,256215
20170209,30.12,29.94,30.02,29.87,753527808,251016
20170210,30.48,30.1,30.12,29.99,814459136,269918
20170213,30.94,30.05,30.91,30.05,1368505984,446508
20170214,31.29,31.0,30.69,30.6,818126144,265237
20170215,31.45,30.83,31.06,30.7,947849152,304270
20170216,32.1,31.0,32.03,30.93,1302877952,413274
20170217,32.62,32.1,32.25,31.8,1264349056,393042
20170220,33.47,32.27,32.58,32.18,2228769536,675154
20170221,32.87,32.71,32.45,32.1,1252870400,386157
20170222,33.32,32.37,33.05,32.31,1093310976,331876
20170223,33.28,33.06,33.1,32.6,1025755648,311372
20170224,33.02,32.98,32.37,32.18,1099577984,338842
20170227,32.39,32.38,31.61,31.58,1065158528,334446
20170228,32.08,31.65,31.86,31.56,671010944,210888
20170301,32.05,31.8,32.03,31.79,615952768,193011
20170302,32.16,32.03,31.49,31.38,683771072,216262
20170303,31.73,31.49,31.72,31.13,942871488,299816
20170306,33.1,31.52,32.89,31.52,1406128896,432596
20170307,33.17,32.9,33.01,32.55,903570048,274661
20170308,33.58,33.18,33.28,32.8,1213541760,364857
20170309,33.68,33.3,32.92,32.88,788991168,237995
20170310,34.3,32.88,34.22,32.77,1624041088,480775
20170313,34.79,34.28,33.9,33.74,1537993472,450040
20170314,34.16,33.94,34.02,33.38,1154170240,341910
20170315,34.53,33.88,34.42,33.8,1096873472,320867
20170316,34.76,34.51,33.98,33.82,1478349824,433330
20170317,34.05,33.83,33.41,33.33,1274319104,379228
20170320,33.77,33.46,33.48,33.0,1130342528,339558
20170321,34.31,33.4,34.31,33.36,1403674496,414194
20170322,34.42,34.12,34.36,33.98,1173042304,342987
20170323,34.9,34.37,34.75,34.08,1291101056,374188
20170324,35.66,34.76,34.92,34.61,1520361472,432081
20170327,35.35,34.92,34.15,34.0,1210503424,349698
20170328,34.3,34.1,33.95,33.67,1190715904,351727
20170329,34.09,33.95,33.8,33.29,1368888704,406093
20170330,33.86,33.75,33.13,32.81,1482720640,445398
20170331,33.59,33.13,33.3,32.83,1321769344,397964
20170405,33.52,33.23,33.19,32.8,1891523456,570474
20170406,33.89,33.26,33.89,33.0,1469071616,440075
20170407,34.12,33.84,33.65,33.56,1218565632,360436
20170410,33.76,33.66,32.9,32.9,1330706560,400776
20170411,33.06,32.83,32.4,31.85,1810877184,559917
20170412,32.75,32.29,32.4,32.05,830673216,256065
20170413,33.12,32.35,32.96,32.33,818579584,248855
20170414,33.1,32.96,32.64,32.4,552502016,169401
20170417,33.35,32.62,33.18,32.49,1257959552,380241
20170418,34.22,33.18,34.08,33.16,1668283136,492274
20170419,34.25,33.93,34.23,33.65,1314734720,387219
20170420,35.04,34.26,34.5,34.25,1800422400,517402
20170421,34.55,34.27,34.23,33.9,1004821440,294183
20170424,34.0,34.0,33.12,33.01,1175095040,350975
20170425,34.3,33.2,34.24,33.01,1340561920,398093
20170426,35.2,34.43,34.3,34.03,1957592192,564878
20170427,34.3,34.3,34.04,33.35,1174443264,348376
20170428,34.04,34.04,33.66,32.96,1390913792,418036
20170502,34.92,33.21,34.92,33.15,2053124224,596914
20170503,35.35,34.92,35.19,34.39,1235841408,353664
20170504,35.58,35.25,35.3,35.03,1487632384,420461
20170505,36.31,35.5,36.15,35.35,1980293376,550590
20170508,36.49,36.09,35.68,35.03,1139028352,318442
20170509,35.78,35.78,35.3,34.56,1337877376,381619
20170510,35.33,34.44,35.15,34.26,1367506688,393209
20170511,35.98,34.96,35.82,34.74,1451845760,408987
20170512,36.35,35.97,35.75,35.31,1364622336,381878
20170515,36.0,35.38,35.31,35.18,1837233408,518521
20170516,35.49,34.54,35.32,34.22,2196001536,630491
20170517,35.2,35.1,34.37,34.31,1741741568,501699
20170518,35.06,34.26,34.48,34.2,1327757696,382488
20170519,35.58,34.71,35.54,34.7,1784970880,505787
20170522,36.3,35.28,36.21,35.28,1711710976,477949
20170523,36.58,36.25,36.32,35.55,1889503232,522760
20170524,36.48,36.16,36.11,35.65,1021390208,282754
20170525,36.1,35.87,35.33,35.2,1463033856,410939
20170526,35.94,35.31,35.67,35.31,1170518528,328011
20170531,36.12,35.78,36.12,35.12,1315310976,368764
20170601,36.67,36.16,36.5,36.0,1480882560,406495
20170602,36.65,36.5,36.39,35.8,1255234048,345804
20170605,36.82,36.29,36.39,36.2,938757120,256829
20170606,38.01,36.5,38.0,36.45,1789235200,478495
20170607,39.12,38.0,38.7,37.81,2052782464,533531
20170608,40.25,38.71,40.25,38.71,1789706624,451988
20170609,41.06,40.39,40.3,39.77,1982802688,489337
20170612,41.14,40.15,40.46,39.81,1880663296,465622
20170613,40.7,40.46,40.16,39.95,1182718592,294227
20170614,40.2,40.04,39.1,38.92,1865659776,474018
20170615,40.03,39.25,39.7,39.01,1594147456,403919
20170616,40.38,39.92,39.06,38.94,1819097856,459903
20170619,40.55,39.6,40.34,39.52,2346748416,585735
20170620,41.27,40.5,40.88,40.04,2249834240,552673
20170621,42.79,41.18,42.79,40.6,2046649856,490516
20170622,43.44,42.84,42.5,42.2,2681684992,625918
20170623,44.57,42.75,44.48,42.26,2056736896,475582
20170626,45.39,44.17,44.25,44.0,2681264128,600431
20170627,44.42,44.4,44.0,43.06,2176423936,498517
20170628,43.63,43.63,42.78,42.5,2515804928,585447
20170629,43.25,42.78,43.16,42.55,1947619456,453944
20170630,43.36,43.0,43.04,42.55,1685646592,391963
20170703,42.85,42.85,41.8,41.56,2156580864,513312
20170704,41.82,41.8,41.5,40.92,2104852480,510002
20170705,42.96,41.4,42.94,41.3,1868284416,441306
20170706,43.0,42.93,42.6,41.65,1926026752,455667
20170707,42.48,42.13,41.63,41.26,1689133824,405353
20170710,41.87,41.3,41.37,41.2,1229483392,296791
20170711,43.3,41.4,42.95,41.4,2919625472,686853
20170712,43.17,42.81,41.7,41.45,1799570688,425620
20170713,42.61,41.5,41.99,41.35,1166065024,276967
20170714,42.39,41.8,42.17,41.38,970662272,231618
20170717,42.5,42.1,41.66,40.5,1907521280,460487
20170718,41.82,41.47,41.0,40.68,1540916096,375815
20170719,41.93,41.2,41.22,40.93,1304514816,315191
20170720,42.35,41.3,42.25,40.7,1940264064,466366
20170721,42.46,42.34,41.9,41.68,1242799360,295039
20170724,43.55,41.91,43.42,41.6,2602473472,605221
20170725,43.65,43.44,43.42,42.95,1417603456,327367
20170726,43.6,43.6,42.34,41.93,1655228160,389176
20170727,42.34,42.34,41.2,40.77,1724985856,418006
20170728,41.84,41.23,41.4,41.07,998490176,240932
20170731,41.58,41.58,41.2,40.78,1355932928,330136
20170801,41.59,41.21,41.19,40.85,1411054208,343033
20170802,41.18,41.18,40.8,40.75,1050314624,257015
20170803,41.0,40.61,40.08,39.9,1437369344,357730
20170804,40.39,40.19,39.45,39.38,1218982016,307044
20170807,40.43,39.35,40.29,38.67,1670024960,420686
20170808,40.48,40.2,39.98,39.89,852359168,212440
20170809,41.35,40.13,40.8,39.51,1193145216,293558
20170810,41.18,40.69,40.85,40.3,935040704,229061
20170811,40.9,40.3,39.64,39.6,944958208,235612
20170814,40.45,39.66,40.12,39.6,844438656,210849
20170815,40.12,40.12,39.77,39.64,986854464,247803
20170816,39.69,39.69,39.05,38.81,1243694720,318261
20170817,39.45,39.06,39.32,38.85,1017919360,260386
20170818,39.44,38.98,39.13,38.9,669361472,170843
20170821,39.87,39.12,39.71,38.95,878293312,221683
20170822,40.73,39.88,40.45,39.88,1201100032,296823
20170823,40.92,40.6,40.81,40.22,734549632,180806
20170824,41.55,40.98,41.52,40.95,1381480192,334508
20170825,42.0,41.83,41.9,41.47,1452770176,347592
20170828,42.59,42.0,42.27,41.95,1519785088,358956
20170829,42.47,42.38,41.7,41.5,994369280,237648
20170830,42.09,41.73,41.98,41.7,625646528,149240
20170831,42.18,41.97,41.0,40.38,1897402368,462296
20170901,41.43,41.16,40.84,40.5,1247809024,304812
20170904,41.52,40.83,41.36,40.62,1126919168,273043
20170905,41.8,41.35,41.41,40.9,1042408256,251582
20170906,41.58,41.5,40.97,40.73,703761920,171517
20170907,41.29,40.97,40.97,40.71,788505216,192053
20170908,41.23,40.98,40.99,40.73,701775680,171284
20170911,41.3,41.26,40.31,40.15,976858880,240467
20170912,40.39,40.27,40.22,39.69,1244801280,311500
20170913,41.19,40.29,41.19,40.07,1132987648,277523
20170914,41.31,41.12,40.9,40.54,643176832,157072
20170915,42.15,40.81,42.03,40.7,1810947712,433624
20170918,42.44,42.22,42.03,41.81,1214377088,288215
20170919,42.28,41.86,42.0,41.74,1138284672,270635
20170920,43.3,42.29,43.29,42.29,2099765376,488862
20170921,43.9,43.38,43.1,42.95,1416880384,326221
20170922,44.41,43.2,44.1,43.01,1616034688,367550
20170925,44.37,44.1,43.09,42.65,1426475136,326616
20170926,43.25,43.21,42.68,42.37,779859776,182455
20170927,44.0,42.59,43.81,42.59,1010546560,232273
20170928,43.84,43.77,43.43,42.81,1037368448,239339
20170929,44.6,43.6,44.19,43.21,1112118656,251742
20171009,47.1,44.8,46.47,44.47,1932882688,419205
20171010,46.98,46.47,46.66,45.38,1731026560,374073
20171011,47.98,46.25,47.1,46.25,1957611648,413633
20171012,48.0,47.3,47.68,46.98,1014602944,213067
20171013,48.16,47.6,47.68,47.0,938036288,196977
20171016,48.09,47.65,46.84,46.83,1128973824,238051
20171017,48.22,46.7,48.15,46.52,1733884800,363462
20171018,48.73,48.0,48.73,47.78,1166840576,242214
20171019,49.25,48.65,48.63,48.16,1079617024,221643
20171020,48.34,48.3,47.64,47.0,1137891968,239296
20171023,48.25,47.49,47.63,47.26,1110662784,232857
20171024,48.65,47.66,48.59,47.31,1206999168,250109
20171025,50.49,48.59,50.4,48.51,1792740992,360013
20171026,51.51,50.52,49.96,49.95,2028650880,400792
20171027,51.2,50.19,50.72,49.96,1216523648,240750
20171030,51.76,51.2,51.76,49.9,1651851008,324992
20171031,52.35,51.6,51.0,50.3,1936277376,377605
20171101,52.28,51.06,50.61,50.3,1834346496,358586
20171102,51.37,50.5,51.24,50.2,1161765248,228311
20171103,51.82,51.28,50.65,50.4,1378434432,270451
20171106,53.16,50.8,52.69,50.32,2386966272,458918
20171107,54.08,52.7,52.75,51.9,2551838720,483278
20171108,54.68,52.76,51.48,50.8,4344083456,824391
20171109,52.65,51.57,52.6,50.35,2381451776,462545
20171110,53.66,52.63,53.4,52.1,2190665728,411880
20171113,54.4,53.75,53.71,53.15,1775960576,329951
20171114,53.63,53.63,52.31,51.7,1992144128,379156
20171115,52.75,51.9,52.28,51.33,1870389632,359004
20171116,53.02,52.2,52.88,51.61,2128432512,406446
20171117,54.3,52.9,53.65,52.4,2649534464,495105
20171120,54.66,53.5,54.62,52.55,2233210112,415198
20171121,57.67,54.95,57.66,54.91,3696071424,651454
20171122,57.93,57.59,56.43,55.55,2899689984,511095
20171123,56.13,56.1,53.44,53.1,2521104128,460453
20171124,54.18,53.3,54.1,51.64,2988624896,565454
20171127,53.4,53.4,52.64,51.75,2272582912,433895
20171128,53.07,52.2,52.59,51.78,1561551104,298840
20171129,52.77,52.59,51.1,50.2,2288830976,447363
20171130,52.06,50.8,51.18,50.61,1521289728,297333
20171201,51.67,51.67,50.58,50.5,1238478336,242949
20171204,52.06,50.71,51.5,50.32,1544572416,300628
20171205,52.53,51.3,52.18,51.2,2041291136,392441
20171206,52.05,52.0,50.95,50.34,1695821952,331882
20171207,51.08,50.89,49.13,49.05,1893349760,380428
20171208,51.2,49.4,50.43,49.4,2316395264,458823
20171211,53.81,50.6,53.62,50.6,2520510720,480726
20171212,54.68,53.88,53.3,53.01,1729024768,321420
20171213,55.1,53.27,54.9,53.08,1770328832,325776
20171214,55.07,55.06,54.5,53.7,1659069440,305149
20171215,54.46,54.45,53.7,53.13,1385703936,258027
20171218,55.32,53.2,55.32,53.2,1990338304,362668
20171219,55.77,54.98,55.44,54.75,1808678016,327288
20171220,56.13,55.39,55.07,54.85,1838169600,330822
20171221,56.46,55.15,55.94,55.1,1615692928,288963
20171222,56.74,55.65,56.58,55.5,1200106880,213776
20171225,58.35,56.6,57.87,56.6,2101831808,364058
20171226,57.88,57.81,56.3,55.55,1971165568,349156
20171227,56.69,56.33,54.39,54.39,1915094400,347082
20171228,56.22,54.51,55.55,53.95,1832583936,330990
20171229,56.98,55.89,55.43,54.86,1715093888,306334
20180102,57.08,56.15,56.38,56.02,1866579456,329725
20180103,57.25,56.56,55.8,55.42,2412128000,428368
20180104,57.3,56.02,57.29,55.82,2306429696,405557
20180105,58.2,57.6,57.96,56.75,2137344256,371854
20180108,58.3,57.7,57.66,56.72,2115094016,367884
20180109,59.95,57.8,59.48,57.24,2638563328,448054
20180110,61.3,59.59,60.56,58.9,2694648832,448966
20180111,60.88,60.01,59.62,58.88,1888981504,316035
20180112,61.18,59.62,60.8,59.3,1525807232,252900
20180115,62.66,61.32,61.16,61.0,2266432768,367225
20180116,61.83,61.0,61.09,60.1,1768100992,289365
20180117,61.01,61.0,58.75,58.45,2459742720,414037
20180118,59.79,59.0,58.95,58.5,1323941760,223781
20180119,59.11,58.95,58.17,57.9,1830960768,313878
20180122,61.54,58.58,61.43,58.58,2764421376,458501
20180123,62.64,61.38,62.12,60.23,2373486848,386472
20180124,62.65,62.39,60.41,60.2,1984093184,326126
20180125,61.42,60.8,61.3,59.0,1707172480,282564
20180126,62.69,61.3,62.0,60.53,2063068416,333516
20180129,62.18,61.97,59.87,58.9,2810319360,467085
20180130,60.68,59.42,58.76,58.5,1841490304,309516
20180131,60.42,58.33,59.82,58.2,1512097792,254072
20180201,60.1,60.0,59.34,58.14,2240855808,380032
20180202,60.09,58.95,59.9,58.4,1339453824,224897
20180205,59.54,58.91,57.32,56.5,3207266048,554639
20180206,55.81,55.7,55.5,53.82,4837552640,880342
20180207,56.58,56.4,52.79,52.71,2912160512,533538
20180208,54.44,52.6,53.77,52.51,2353184000,439782
20180209,52.45,51.95,51.98,50.15,3107079168,603648
20180212,54.88,51.98,54.42,51.97,2020911744,374561
20180213,56.5,55.04,55.31,54.68,1439646720,258920
20180214,57.1,55.61,56.92,54.72,1235236224,219574
20180222,58.52,58.3,58.14,57.2,1461224832,251527
20180223,58.48,58.45,57.55,56.9,1039074368,180501
20180226,58.29,57.58,57.7,57.0,1424718720,246266
20180227,57.79,57.79,54.6,54.58,2667769344,478853
20180228,55.8,54.35,54.95,53.7,1752933248,318721
20180301,56.49,54.99,55.6,54.82,1325327488,237900
20180302,57.68,54.86,56.22,54.77,2064011392,364903
20180305,56.55,56.11,56.02,55.52,1142843136,204171
20180306,56.69,56.53,56.2,54.9,1084322688,195030
20180307,57.16,56.26,56.26,55.83,1183915648,208925
20180308,59.2,56.87,59.17,56.4,2206248704,380518
20180309,60.39,59.47,59.91,58.73,2356572672,394729
20180312,62.54,60.98,60.73,60.35,2831385088,461325
20180313,62.19,60.7,61.06,60.26,2320438016,377823
20180314,61.63,60.7,60.4,59.95,1652444160,272072
20180315,61.9,59.9,61.41,59.8,1632419072,266963
20180316,61.43,61.1,59.69,59.5,1555874304,258105
20180319,60.28,59.69,59.57,59.0,1260029824,211597
20180320,59.63,59.11,59.34,58.3,1046101312,177637
20180321,59.96,59.63,58.28,58.28,1164919552,197251
20180322,58.9,58.88,56.9,56.36,1886620288,329378
20180323,56.45,54.7,56.24,53.73,3526483712,641627
20180326,55.98,55.5,55.27,54.1,2054321664,373098
20180327,56.38,56.17,54.61,54.11,2602536192,471063
20180328,54.0,53.49,53.12,52.01,2880441088,544504
20180329,55.78,53.42,55.3,52.3,2098813824,385947
20180330,55.36,55.0,54.53,54.36,1696101248,308814
20180402,55.0,53.3,52.84,52.68,2227714816,417151
20180403,53.63,52.69,52.52,52.18,1645036160,311895
20180404,54.1,52.82,53.01,52.06,1980456960,371528
20180409,53.31,52.91,51.3,51.0,2210491904,427970
20180410,52.8,51.45,52.77,51.18,1846478080,354240
20180411,53.63,52.78,52.98,52.41,2476801792,467614
20180412,52.94,52.91,51.87,51.84,1317128192,252074
20180413,52.47,52.4,51.32,51.01,1241813120,240215
20180416,51.8,51.31,49.79,49.15,2228866560,444709
20180417,50.55,49.74,49.89,48.59,1555082624,313437
20180418,50.63,50.6,48.73,47.95,2037849984,416079
20180419,51.57,49.33,51.57,49.0,2193162240,433660
20180420,53.0,51.79,51.4,50.95,2233312256,430416
20180423,52.88,51.9,52.05,51.0,1499909888,289044
20180424,53.87,52.37,53.55,52.37,1996954496,373871
20180425,53.66,53.45,52.62,51.9,1916903808,363801
20180426,52.33,51.68,51.4,50.89,1707726720,331102
20180427,52.42,52.42,51.68,50.55,2075967232,403465
20180502,52.11,51.23,51.35,50.44,1570439040,306862
20180503,53.25,51.15,53.2,50.83,1608563712,307890
20180504,52.72,52.14,51.1,50.95,1561168896,302842
20180507,52.51,51.39,52.4,50.95,1509943168,290619
20180508,54.37,52.43,53.9,52.42,2267542016,422795
20180509,54.1,53.51,53.95,53.46,935733568,174054
20180510,54.63,54.3,54.38,53.9,1201775616,221495
20180511,54.88,54.8,53.75,53.56,921004928,170190
20180514,55.43,53.99,55.24,53.8,1777225728,323949
20180515,55.85,55.53,55.22,54.65,1554552960,282097
20180516,55.12,54.89,54.4,54.01,1327516672,243427
20180517,54.3,54.2,53.12,53.02,1223353984,228996
20180518,53.97,53.28,53.89,52.41,1299383552,244458
20180521,54.55,54.38,53.95,53.51,969125504,179497
20180522,53.9,53.9,52.63,52.0,1846227328,351262
20180523,52.5,52.5,51.8,51.73,1149466496,221088
20180524,51.98,51.79,50.9,50.65,1140837632,222461
20180525,51.43,50.8,50.59,50.3,1329483392,261596
20180528,52.23,50.9,51.94,50.3,1432263168,277886
20180529,52.19,51.5,51.49,51.26,1119651328,216606
20180530,51.42,50.25,50.71,49.88,1359774080,269194
20180531,53.25,51.05,52.91,50.9,2559326208,488366
20180601,52.88,52.5,52.15,51.94,1281257856,244886
20180604,54.3,52.9,53.99,52.72,2627373056,487208
20180605,55.1,54.8,54.97,53.72,2258778368,413210
20180606,55.44,55.27,54.74,54.41,1428692608,260084
20180607,55.31,55.07,54.3,54.05,1445351168,264889
20180608,55.2,54.13,54.66,54.02,1986285568,363711
20180611,56.65,54.66,56.32,54.62,3241913856,581583
20180612,57.75,56.33,57.19,55.89,3335129600,585180
20180613,58.05,57.39,56.99,56.79,2066765952,360546
20180614,57.43,57.2,55.78,55.41,1996542976,354846
20180615,56.95,55.92,56.28,55.6,1748373760,310752
20180619,56.0,55.1,54.62,53.78,3263370496,591142
20180620,55.77,54.62,55.16,54.16,1630126336,296507
20180621,56.05,55.5,54.22,54.2,1700455424,307448
20180622,53.68,53.68,53.65,52.34,1903580672,358578
20180625,54.14,53.7,52.9,52.86,1456438272,272065
20180626,53.0,52.05,52.33,51.76,1584092928,302757
20180627,53.07,52.42,50.48,50.48,2194726144,426516
20180628,51.22,50.05,50.1,49.51,1820036736,361035
20180629,52.4,50.6,52.22,50.11,1498577024,291304
20180702,51.91,51.91,48.68,48.0,2849314560,571711
20180703,49.1,48.7,47.76,45.38,3678016000,781290
20180704,47.87,47.76,45.11,45.0,2748494592,596231
20180705,47.3,46.49,46.05,45.84,2968462080,637796
20180706,47.98,46.58,47.4,45.8,2282804480,485875
20180709,49.1,47.89,49.05,47.4,1773736448,365841
20180710,49.35,49.2,48.5,47.43,2047604992,424378
20180711,47.67,46.71,47.2,46.47,1708612992,363145
20180712,48.5,47.15,47.83,47.1,2066086400,432000
20180713,48.2,47.9,47.84,47.5,1548794240,324004
20180716,48.84,48.29,47.38,47.06,1598678400,334770
20180717,47.38,47.37,46.47,46.02,1836892288,396087
20180718,47.12,46.7,45.9,45.88,1588486912,342872
20180719,46.6,46.31,46.35,45.75,1173236480,253851
20180720,46.9,46.25,46.57,45.23,2296204800,500602
20180723,46.59,46.38,46.58,45.69,1649543680,357409
20180724,48.56,47.0,48.38,47.0,3452914176,719360
20180725,48.65,48.64,47.68,47.55,1895609344,396208
20180726,48.46,47.8,47.84,47.67,2099583232,437171
20180727,48.13,48.13,47.19,47.12,1293155840,272495
20180730,47.68,47.4,47.46,47.0,1250354944,264605
20180731,47.75,47.25,47.61,47.01,1329361536,279849
20180801,48.1,47.9,46.28,46.2,1519389184,322612
20180802,46.1,46.1,44.08,43.88,2942193920,660723
20180803,44.0,43.99,41.88,41.41,2978174976,701016
20180806,42.97,42.01,42.3,41.8,2144920576,506086
20180807,44.74,42.94,44.66,42.5,2171929600,498708
20180808,44.89,44.89,44.15,43.92,1949283584,438697
20180809,45.81,44.06,45.14,43.5,1625745280,360492
20180810,45.73,45.0,44.98,44.77,1264938112,280014
20180813,44.85,44.6,44.59,43.8,999740480,225568
20180814,44.67,44.67,43.65,43.45,1270602496,289261
20180815,43.59,43.59,42.02,41.89,1758445568,414659
20180816,42.9,41.17,42.32,41.07,1354274304,322171
20180817,42.92,42.64,41.12,41.02,1314589184,315827
20180820,41.7,41.12,41.7,40.51,1234034432,299793
20180821,42.84,42.0,42.56,41.57,1575726208,372067
20180822,42.5,42.3,41.71,41.51,898024768,214734
20180823,42.05,41.4,41.22,40.59,1393122560,337595
20180824,41.77,41.0,41.38,40.86,954254336,230574
20180827,42.96,41.85,42.91,41.7,1615957760,380328
20180828,43.9,43.18,43.31,42.91,1439081344,331742
20180829,43.26,43.0,42.51,42.25,1026363456,240468
20180830,42.89,42.44,41.8,41.74,1093950592,259554
20180831,41.82,41.8,41.6,40.6,1613498624,391383
20180903,41.85,41.49,41.73,40.89,923664960,222964
20180904,42.48,42.0,42.28,41.15,1026406656,244930
20180905,42.0,41.86,41.0,41.0,979468992,236704
20180906,41.42,40.85,40.34,40.27,1075515264,263660
20180907,41.2,40.55,40.3,39.96,826452480,203971
20180910,40.3,40.3,40.3,40.3,0,0
20180911,40.3,40.3,40.3,40.3,0,0
20180912,40.3,40.3,40.3,40.3,0,0
20180913,40.3,40.3,40.3,40.3,0,0
20180914,40.3,40.3,40.3,40.3,0,0
20180917,40.3,40.3,40.3,40.3,0,0
20180918,40.3,40.3,40.3,40.3,0,0
20180919,40.3,40.3,40.3,40.3,0,0
20180920,40.3,40.3,40.3,40.3,0,0
20180921,40.3,40.3,40.3,40.3,0,0
20180925,40.3,40.3,40.3,40.3,0,0
20180926,40.3,40.3,40.3,40.3,0,0
20180927,40.3,40.3,40.3,40.3,0,0
20180928,40.3,40.3,40.3,40.3,0,0
20181008,40.3,40.3,40.3,40.3,0,0
20181009,40.3,40.3,40.3,40.3,0,0
20181010,40.3,40.3,40.3,40.3,0,0
20181011,40.3,40.3,40.3,40.3,0,0
20181012,40.3,40.3,40.3,40.3,0,0
20181015,40.3,40.3,40.3,40.3,0,0
20181016,40.3,40.3,40.3,40.3,0,0
20181017,40.3,40.3,40.3,40.3,0,0
20181018,40.3,40.3,40.3,40.3,0,0
20181019,40.3,40.3,40.3,40.3,0,0
20181022,40.3,40.3,40.3,40.3,0,0
20181023,40.3,40.3,40.3,40.3,0,0
20181024,40.3,40.3,40.3,40.3,0,0
20181025,40.3,40.3,40.3,40.3,0,0
20181026,40.3,40.3,40.3,40.3,0,0
20181029,37.88,37.1,36.27,36.27,3610734336,981222
20181030,36.77,34.1,36.33,34.1,2344670976,655908
20181031,37.08,35.86,37.04,35.56,1748865792,478648
20181101,39.32,37.86,38.62,37.8,1919656192,497782
20181102,41.6,40.91,40.98,39.99,3045071104,746070
20181105,41.36,40.81,41.28,40.63,1400072320,341637
20181106,41.1,40.8,40.18,39.94,1346925696,334237
20181107,41.28,40.18,40.78,39.72,1418465024,348613
20181108,41.43,41.29,40.63,40.5,1080657792,264456
20181109,40.51,40.21,39.77,39.7,960992640,240564
20181112,40.31,39.77,40.14,39.01,851523072,213280
20181113,41.41,39.5,41.3,39.3,1380602368,339184
20181114,41.37,41.35,40.85,40.75,745008832,181787
20181115,41.24,40.6,41.11,40.51,705975104,172245
20181116,42.54,41.11,42.0,40.9,1268911104,303139
20181119,42.5,41.9,42.3,41.25,868819008,207206
20181120,42.26,41.9,40.8,40.3,1148012160,277524
20181121,41.08,40.1,40.32,40.06,939488704,232200
20181122,40.96,40.76,40.63,40.1,738494848,182187
20181123,41.02,40.41,39.88,39.81,888505536,220764
20181126,40.26,39.6,40.02,39.5,545342016,136401
20181127,40.48,40.1,39.66,39.35,652125504,163032
20181128,40.28,39.25,40.02,39.25,602172544,150968
20181129,40.37,40.3,38.8,38.73,984225152,249550
20181130,39.06,38.9,38.69,38.28,832245888,216093
20181203,41.0,40.0,40.83,39.73,2130194432,526391
20181204,40.78,40.23,40.54,40.23,867008896,213906
20181205,40.3,40.0,40.0,39.81,768053632,191928
20181206,39.72,39.21,38.96,38.88,833847744,212691
20181207,39.19,39.01,38.48,38.25,872710016,226660
20181210,38.15,38.0,37.06,36.71,1288199936,346568
20181211,37.26,36.85,37.04,36.46,996533824,270876
20181212,38.01,37.47,37.74,37.16,983251008,262125
20181213,40.35,38.0,40.12,37.89,2920106240,738130
20181214,40.21,39.8,39.75,39.5,1294255744,324829
20181217,40.17,39.97,39.46,39.06,1196622208,302754
20181218,39.52,39.15,38.81,38.52,1276899840,328061
20181219,39.18,38.81,38.25,38.1,711325696,183879
20181220,38.69,38.18,38.33,37.89,799129984,208582
20181221,38.25,38.09,37.92,37.3,973696384,258449
20181224,37.79,37.43,37.74,37.02,615507712,164642
20181225,37.75,37.02,37.38,36.7,715052096,192712
20181226,37.9,37.4,37.13,36.9,563234752,150947
20181227,38.06,37.91,36.8,36.8,864454208,230747
20181228,37.4,36.75,36.86,36.31,782455552,211676
20190102,37.38,37.2,36.44,36.3,764857088,208624
20190103,36.83,36.26,36.2,36.0,520938080,143233
20190104,37.07,35.99,36.99,35.8,1012555392,277118
20190107,37.66,37.66,36.99,36.66,937395200,252996
20190108,37.2,37.05,36.86,36.68,496396736,134698
20190109,39.5,38.25,39.0,37.82,3201852672,825858
20190110,39.78,38.86,39.29,38.6,1398943872,355955
20190111,39.95,39.5,39.84,38.85,1098274304,278139
20190114,40.36,39.91,39.45,39.32,743527552,187160
20190115,41.02,39.5,41.0,39.33,1629499392,402190
20190116,41.46,41.0,41.2,40.62,1177411072,286234
20190117,41.7,41.2,40.91,40.88,1073148544,259740
20190118,42.1,41.45,42.08,41.04,1603555712,384428
20190121,42.8,42.2,42.09,41.6,1241232640,294115
20190122,42.31,42.1,41.3,41.02,1012517248,244682
20190123,42.05,40.99,41.46,40.99,800266560,192273
20190124,42.09,41.8,41.59,41.21,914100224,219562
20190125,42.1,41.73,41.9,40.7,1112391424,267548
20190128,43.0,42.18,41.84,41.8,1454201856,342212
20190129,43.0,41.84,43.0,41.46,1565725568,369691
20190130,42.9,42.79,42.1,42.1,1242106880,292191
20190131,43.6,42.88,43.53,42.45,1676325632,389215
20190201,44.5,44.35,44.26,43.53,1378311552,312203
20190211,46.32,43.96,46.08,43.9,1588661120,349054
20190212,46.9,46.0,46.49,45.65,1404091136,302894
20190213,47.23,46.74,46.8,45.9,1511519872,324142
20190214,47.31,46.9,47.15,46.5,1077612672,229213
20190215,46.75,46.75,45.27,45.0,2121611392,465359
20190218,46.46,45.8,46.4,45.55,1500350080,325702
20190219,47.34,46.48,46.08,45.61,1303139840,280758
20190220,46.08,46.08,46.08,46.08,0,0
20190221,47.42,46.5,45.86,45.64,1917916032,414422
20190222,45.9,45.9,45.61,44.35,1750311040,388824
20190225,49.39,47.5,49.17,46.69,3466143744,728522
20190226,48.7,48.35,47.36,47.35,2357420800,490517
20190227,48.21,47.15,47.64,47.15,1519672064,318705
20190228,48.18,47.65,47.78,47.45,1209358976,253242
20190301,48.67,48.1,48.57,47.87,1732560000,358400
20190304,50.2,49.11,48.96,48.6,2680277760,542643
20190305,49.5,49.42,49.0,48.71,1516133248,309242
20190306,49.68,49.38,49.1,48.7,1553672320,316523
20190307,49.0,49.0,47.56,47.18,2450618624,511626
20190308,47.23,46.66,45.8,45.7,2143104000,463009
20190311,46.68,45.85,46.58,45.85,1345836672,290560
20190312,47.62,47.4,46.16,45.76,1923704576,411678
20190313,46.64,46.18,46.23,45.53,1601035392,348805
20190314,47.17,46.2,46.41,46.15,1607571200,344231
20190315,48.58,47.3,47.93,46.84,3208694016,672362
20190318,49.5,47.5,49.32,47.3,2513134080,514991
20190319,49.77,49.53,49.25,48.68,1458253056,297019
20190320,49.45,49.25,48.9,48.38,1427029760,291751
20190321,48.8,48.65,48.24,48.08,1248826240,258325
20190322,48.82,48.3,48.6,47.71,1095838336,227080
20190325,48.2,47.68,46.69,46.56,1548505472,326855
20190326,47.1,47.1,46.57,45.91,1045158400,224423
20190327,47.8,46.98,47.57,46.59,1077398400,227522
20190328,47.74,47.58,47.14,46.81,955165312,202357
20190329,48.88,47.01,48.73,47.01,2127847680,439463
20190401,53.57,49.3,52.93,49.25,5041465344,974588
20190402,53.36,52.93,51.9,51.73,2906671872,556776
20190403,52.56,51.46,52.2,51.45,1971575168,378812
20190404,53.98,52.2,53.65,52.19,2868122112,537245
20190408,55.66,53.65,54.18,53.2,2836276736,522005
20190409,56.35,55.51,55.01,54.2,2279920384,414112
20190410,55.57,54.7,54.72,53.65,2167514880,398699
20190411,54.75,54.72,52.44,52.31,2735915520,515525
20190412,52.43,51.85,51.29,50.47,2408399104,469635
20190415,53.3,52.05,51.5,51.5,2099197440,401187
20190416,52.88,51.0,52.88,50.65,1619936640,312127
20190417,53.59,53.13,53.0,51.97,1906297216,361870
20190418,54.33,53.53,53.42,53.1,1427725056,265874
20190419,55.75,53.35,55.08,52.7,2009741056,370995
20190422,54.99,54.99,52.79,52.2,2213184512,415167
20190423,52.85,52.2,52.27,51.57,1876295424,360135
20190424,52.83,52.5,52.6,51.55,1510805632,289059
20190425,52.3,52.3,51.41,51.28,1328685952,256795
20190426,51.36,50.97,49.37,49.26,2296898048,459293
20190429,51.98,49.37,51.31,49.36,2296294400,447562
20190430,53.5,51.4,52.4,51.4,2407890688,459879
20190506,51.04,49.9,49.07,49.0,3318296832,663234
20190507,51.49,50.3,50.75,49.9,3653919488,717852
20190508,50.75,50.75,50.75,50.75,0,0
20190509,50.75,50.75,50.75,50.75,0,0
20190510,50.75,50.75,50.75,50.75,0,0
20190513,50.75,50.75,50.75,50.75,0,0
20190514,50.75,50.75,50.75,50.75,0,0
20190515,50.75,50.75,50.75,50.75,0,0
20190516,50.75,50.75,50.75,50.75,0,0
20190517,50.75,50.75,50.75,50.75,0,0
20190520,50.75,50.75,50.75,50.75,0,0
20190521,50.75,50.75,50.75,50.75,0,0
20190522,53.22,51.51,51.41,51.0,4187357440,803694
20190523,50.8,50.7,49.51,49.4,2104165376,421150
20190524,50.28,49.28,49.82,49.01,1489846528,299406
20190527,50.08,49.82,49.75,48.88,1406654848,284807
20190528,51.22,49.77,50.51,49.77,1771284992,349889
20190529,50.92,50.05,50.38,49.85,1100280832,218493
20190530,49.72,49.37,49.45,48.5,1586232832,323329
20190531,50.15,49.0,49.6,48.95,1201723008,241077
20190603,50.99,49.79,50.12,49.75,1147776896,228010
20190604,50.59,50.13,49.7,49.21,811702784,163447
20190605,50.54,50.42,49.51,49.25,1147254272,229796
20190606,50.1,50.1,49.12,48.87,918001216,185739
20190610,50.0,49.56,49.76,49.34,1213075584,243810
20190611,51.84,49.69,51.47,49.6,1912923648,374274
20190612,51.62,51.34,51.51,50.83,1089754752,212636
20190613,51.69,51.69,51.03,50.21,1027154880,201816
20190614,51.9,51.28,50.57,50.55,692935424,135928
20190617,51.25,50.87,50.79,50.39,674222016,132745
20190618,51.3,50.76,50.91,50.5,613259840,120218
20190619,52.97,52.5,52.01,52.01,1381396992,263453
20190620,53.95,52.36,53.29,52.11,2389697280,448437
20190621,53.57,52.81,52.11,51.83,3260271872,622819
20190624,52.62,51.83,52.18,51.4,1965902464,376972
20190625,52.18,52.0,51.44,51.0,1701992960,330480
20190626,51.83,51.51,51.51,51.32,1043841152,202548
20190627,52.28,51.7,51.77,51.35,1789191040,345209
20190628,52.19,51.69,51.86,51.4,878142848,169576
20190701,54.45,52.97,54.09,52.76,3287136768,611630
20190702,55.1,53.66,54.81,53.56,2731208704,500486
20190703,55.32,55.22,54.09,53.68,1936469760,354335
20190704,55.1,54.45,54.4,54.0,1778536064,325226
20190705,55.5,54.37,55.27,53.56,2121442304,387085
20190708,55.05,54.72,54.39,54.01,1668587008,305690
20190709,54.48,54.3,53.84,53.36,1374182528,255432
20190710,54.3,54.3,53.9,53.48,783260416,145525
20190711,55.27,54.02,54.39,53.92,1332480128,243811
20190712,55.15,54.45,54.78,54.18,1085347584,198068
20190715,55.3,54.51,54.67,53.68,1323497472,242962
20190716,54.85,54.8,53.52,53.11,1396638208,260092
20190717,53.47,53.33,52.72,52.52,1198886784,226489
20190718,52.92,52.5,52.69,52.02,937199744,178857
20190719,53.39,53.39,52.59,52.49,1100783104,208173
20190722,53.2,52.7,52.8,52.0,1013260096,191810
20190723,53.22,52.8,53.2,52.71,755836352,142462
20190724,53.9,53.59,53.38,53.3,950135744,177386
20190725,53.64,53.38,53.45,53.04,902112448,169263
20190726,53.6,53.1,53.43,53.02,688512768,128943
20190729,54.38,53.64,54.01,53.41,1226826368,227422
20190730,55.38,54.28,55.2,54.25,1921787776,348704
20190731,55.66,55.13,54.7,54.56,1089621504,198317
20190801,54.98,54.39,53.6,53.15,1301037056,241273
20190802,53.0,51.5,52.75,51.05,1781518208,341763
20190805,52.65,51.63,51.6,51.52,1491986432,287862
20190806,51.58,50.61,51.51,49.32,1729709440,341739
20190807,51.88,51.76,51.03,51.03,747701376,145317
20190808,52.0,51.23,51.8,51.2,681638848,131923
20190809,52.35,52.1,51.22,51.01,772372672,149813
20190812,51.68,51.0,51.25,50.51,991191232,194251
20190813,51.66,51.05,50.32,50.05,1336555008,264441
20190814,51.2,51.09,50.17,50.06,1128730624,223878
20190815,50.11,49.3,49.96,48.61,1327724288,268173
20190816,50.65,50.0,50.32,49.59,1016999296,202213
20190819,51.75,50.8,51.57,50.55,1188231808,231819
20190820,51.87,51.57,51.46,51.18,777716928,150967
20190821,52.05,51.2,51.69,51.02,1085459200,210180
20190822,52.33,51.9,51.83,51.37,979992768,189288
20190823,52.65,52.15,52.25,51.68,1137619200,217677
20190826,51.51,51.19,51.04,50.63,1408348032,275970
20190827,52.39,51.5,52.05,51.31,1413827328,271391
20190828,52.45,52.02,52.22,51.65,1116742272,214675
20190829,52.5,52.15,51.93,51.6,1082409088,208600
20190830,53.4,52.6,52.78,52.1,1466006912,278271
20190902,54.75,53.7,54.23,53.51,2799660544,515614
20190903,54.99,54.78,54.31,54.08,1673365632,307408
20190904,54.78,54.25,54.45,53.6,1719758592,317524
20190905,54.97,54.88,53.9,53.83,1646454656,302361
20190906,54.38,54.1,54.21,53.47,1342155904,248580
20190909,54.89,54.69,54.11,53.82,1580083968,290736
20190910,54.08,54.0,53.84,53.2,1262801280,235866
20190911,54.4,54.0,53.4,53.15,1050689280,196083
20190912,54.3,53.88,54.1,53.52,1150492160,213001
20190916,54.41,54.4,53.47,53.35,1271436928,236809
20190917,53.46,53.25,53.0,52.74,1096214784,206922
20190918,53.27,53.27,52.71,52.57,1189760000,225071
20190919,53.44,53.09,52.84,52.58,1084251136,204971
20190920,53.2,53.12,52.7,52.1,1449282944,275464
20190923,52.64,52.64,52.08,51.69,1074655360,206872
20190924,52.45,52.04,52.07,51.56,1079858816,207246
20190925,52.0,52.0,51.08,51.01,1500046336,292973
20190926,51.47,51.19,51.0,50.5,1253262592,245434
20190927,51.39,51.0,51.32,50.66,1020461760,199732
20190930,51.78,51.1,51.1,50.91,840760128,163708
20191008,52.81,51.4,52.65,51.25,2205801984,422485
20191009,52.65,52.24,52.5,51.91,984741120,188488
20191010,52.48,52.48,52.18,51.77,891734272,171209
20191011,53.05,52.43,52.92,52.11,1149133824,218165
20191014,53.82,53.33,53.45,53.1,1417849088,264697
20191015,53.94,53.75,53.47,53.17,898589056,167607
20191016,54.2,53.77,53.66,53.46,1110490880,206093
20191017,54.03,54.03,53.22,52.96,984182976,184568
20191018,53.97,53.57,52.65,52.45,963901632,181279
20191021,53.65,52.7,53.48,52.7,968542656,181512
20191022,54.16,53.78,53.94,53.5,1009190400,187410
20191023,54.1,53.58,53.73,53.5,705748672,131210
20191024,53.9,53.84,53.75,53.26,746186432,139076
20191025,53.98,53.98,53.8,52.78,975561728,182031
20191028,54.12,54.0,53.59,53.37,1040512000,193377
20191029,54.47,53.95,54.0,53.7,1240223616,229410
20191030,54.0,53.68,53.47,53.06,856636608,160286
20191031,55.99,55.0,55.5,54.54,3468759296,627930
20191101,59.5,55.8,58.89,55.6,4327652864,745651
20191104,60.0,59.55,59.14,58.71,2278842624,384285
20191105,60.08,59.49,59.39,58.78,2049225088,343451
20191106,60.3,59.77,59.84,59.27,1579236864,264351
20191107,59.7,59.7,59.5,58.79,1203867520,203387
20191108,60.8,60.78,59.62,59.33,1862039168,310046
20191111,58.71,58.65,57.2,57.0,2504318976,435711
20191112,57.1,56.7,56.09,55.75,2034644224,361575
20191113,56.91,56.88,56.55,56.11,1292170240,228964
20191114,56.98,56.88,56.59,55.61,1184487552,209790
20191115,57.0,56.72,56.55,56.36,804716992,141966
20191118,56.98,56.55,56.69,55.8,1013839168,180037
20191119,57.98,56.58,57.83,56.4,1454112768,252679
20191120,58.01,58.0,57.15,57.11,803578176,139823
20191121,57.25,57.0,56.2,55.75,1116276096,198835
20191122,57.2,56.47,55.73,55.46,1163712896,206826
20191125,56.54,55.73,56.53,55.02,1007833472,180129
20191126,57.35,57.3,56.56,56.14,1064900736,187705
20191127,55.59,55.43,55.13,54.67,1601368192,290810
20191128,55.74,55.74,55.17,54.76,1119845376,203120
20191129,55.14,55.11,54.3,53.68,1378994048,253826
20191202,55.09,54.58,54.75,54.32,991131392,180987
20191203,55.03,54.76,54.53,54.09,1136020608,208875
20191204,55.39,54.29,55.36,54.0,1504232832,273804
20191205,55.87,55.85,55.53,55.11,1136835456,205044
20191206,56.74,55.64,56.2,55.53,1335780992,237935
20191209,57.5,56.6,56.81,56.18,1185262336,208514
20191210,57.88,56.72,57.65,56.7,1192082688,207176
20191211,57.78,57.67,57.06,56.8,798133056,139654
20191212,57.67,57.53,56.92,56.8,725814976,127084
20191213,58.5,58.0,58.4,57.57,1654545920,284443
20191216,58.33,58.1,58.11,57.8,1256913280,216487
20191217,58.95,58.11,58.5,57.74,1493694080,255847
20191218,59.3,58.8,58.2,57.91,1385586176,236488
20191219,58.5,58.0,58.08,57.86,783171968,134763
20191220,58.6,58.35,57.8,57.8,1055026112,181366
20191223,58.32,58.32,57.27,56.98,1385004800,240867
20191224,57.5,57.29,57.08,56.78,987672128,173345
20191225,57.75,57.2,57.2,57.0,930232512,162257
20191226,57.73,57.4,57.6,57.16,819037120,142619
20191227,58.13,57.8,57.2,57.16,1046161408,181588
20191230,58.6,57.0,58.23,56.65,1375567232,238028
20191231,58.4,58.17,58.25,57.91,929450240,159793
